{"cameraMode":{"drawMode":0,"name":"Shaded","section":"Shading Mode"},"sceneLighting":false,"audioPlay":false,"sceneViewState":{"showFog":true,"showMaterialUpdate":false,"showSkybox":true,"showFlares":true,"showImageEffects":true,"showParticleSystems":true,"showVisualEffectGraphs":true,"m_FxEnabled":true},"in2DMode":false,"pivot":{"x":-2.4748246669769289,"y":2.9269471168518068,"z":-72.12561798095703},"rotation":{"x":0.13161233067512513,"y":0.008323767222464085,"z":-0.0011009937152266503,"w":0.9912635087966919},"size":4.75262451171875,"orthographic":true}