{"cameraMode":{"drawMode":0,"name":"Shaded","section":"Shading Mode"},"sceneLighting":false,"audioPlay":false,"sceneViewState":{"showFog":true,"showMaterialUpdate":false,"showSkybox":true,"showFlares":true,"showImageEffects":true,"showParticleSystems":true,"showVisualEffectGraphs":true,"m_FxEnabled":true},"in2DMode":false,"pivot":{"x":-1.2939995527267457,"y":1.1791597604751588,"z":-74.01666259765625},"rotation":{"x":0.20132024586200715,"y":0.10934897512197495,"z":-0.022619711235165597,"w":0.9731350541114807},"size":1.6904996633529664,"orthographic":true}